accuracy,recall,precision,f1,roc_auc
0.8622048578422143,0.1749605024834128,0.5381654690652993,0.2601722548285574,0.5747759509428366
