accuracy,recall,precision,f1,roc_auc
0.784619255906642,0.648563057207304,0.7351665565639365,0.6881565163399478,0.7564810499590445
