accuracy,recall,precision,f1,roc_auc
0.7843598534105687,0.6491549672106925,0.7342200353076385,0.6881180998862091,0.7564110402840791
