non-voter-ratio,accuracy,recall,precision,f1,roc_auc
0.33689483858897873,0.8953362788414335,0.9050322282591617,0.89839385341783,0.9016963367849261,0.8946959996521928
