non-voter-ratio,accuracy,recall,precision,f1,roc_auc
0.33689483858897873,0.895139911634757,0.9042905978340734,0.8986475661697988,0.9014574703634901,0.89453383153155
