non-voter-ratio,accuracy,recall,precision,f1,roc_auc
0.2988372093023256,0.8652766850249147,0.7926456650456792,0.876605219254721,0.8309384948740604,0.8561469691594763
