non-voter-ratio,accuracy,recall,precision,f1,roc_auc
0.2845303867403315,0.8010628019323672,0.7086306428125649,0.8328434723171565,0.7604467030553986,0.7866556197885599
