non-voter-ratio,accuracy,recall,precision,f1,roc_auc
0.27570621468926554,0.904700061842919,0.8762480749875708,0.9299194244293914,0.9014426605830934,0.905651854422765
