non-voter-ratio,accuracy,recall,precision,f1,roc_auc
0.06970509383378017,0.9141981981981981,0.02857142857142857,0.2,0.05,0.5043029675638371
