accuracy,recall,precision,f1,roc_auc
0.8411231750839543,0.5523585929784071,0.7290241880938019,0.6281950296782736,0.7431751796911741
