accuracy,recall,precision,f1,roc_auc
0.8411230425856253,0.551874282844073,0.729324176612425,0.62800348391284,0.743009682663672
