non-voter-ratio,accuracy,recall,precision,f1,roc_auc
0.2988372093023256,0.8685680566483084,0.838632958268053,0.8457639962386461,0.8408768456476217,0.86545743258748
