non-voter-ratio,accuracy,recall,precision,f1,roc_auc
0.42844202898550726,0.8903027950310559,0.9320343298817224,0.8882409666460586,0.9088429701624504,0.8816438389831894
