non-voter-ratio,accuracy,recall,precision,f1,roc_auc
0.2514177693761815,0.8970588235294116,0.8551391646458061,0.8677304372041214,0.857769184233794,0.8889489479313959
