non-voter-ratio,accuracy,recall,precision,f1,roc_auc
0.40702781844802344,0.8960481099656358,0.9146432748538011,0.9075396825396826,0.9097099596801682,0.8951954166050277
