non-voter-ratio,accuracy,recall,precision,f1,roc_auc
0.46225614927905007,0.8836463708290333,0.94313879716791,0.8836889051808405,0.9121750605130247,0.8585558925769432
