non-voter-ratio,accuracy,recall,precision,f1,roc_auc
0.23448275862068965,0.7903448275862068,0.40960784313725496,0.5883124264198433,0.47503768909940886,0.6590122104318824
