accuracy,recall,precision,f1,roc_auc
0.7959367945823927,0.2226070525123441,0.5014062659223949,0.306903660458258,0.5839516085317278
