non-voter-ratio,accuracy,recall,precision,f1,roc_auc
0.3052109181141439,0.8775686274509804,0.8674085914085914,0.8836086956521738,0.8727026112515738,0.8809654138964482
