non-voter-ratio,accuracy,recall,precision,f1,roc_auc
0.39069767441860465,0.7328735632183907,0.8166415284062343,0.7533333333333333,0.7741826156299841,0.7295328854152384
