non-voter-ratio,accuracy,recall,precision,f1,roc_auc
0.30042918454935624,0.7393939393939393,0.714812834224599,0.6964145658263305,0.6947389030472195,0.7409471819030643
