non-voter-ratio,accuracy,recall,precision,f1,roc_auc
0.2845303867403315,0.7879227053140095,0.7661431246099438,0.7694850465438701,0.7646371642384931,0.7841336186893672
