accuracy,recall,precision,f1,roc_auc
0.8161117078410312,0.5658855535320377,0.7169315645735456,0.6322157806803577,0.7395545146375999
