accuracy,recall,precision,f1,roc_auc
0.8154672395273899,0.5643850656788532,0.7156280357109586,0.6308105964822539,0.7386576631243853
