non-voter-ratio,accuracy,recall,precision,f1,roc_auc
0.4941324392288349,0.9624128228560436,0.9639768946835945,0.9707284605304647,0.9672885271213791,0.9620289273762541
