non-voter-ratio,accuracy,recall,precision,f1,roc_auc
0.2900919305413687,0.8841663334666133,0.8735258531724849,0.8792836514700522,0.8744703787160711,0.8841884778542232
