non-voter-ratio,accuracy,recall,precision,f1,roc_auc
0.3920491983307709,0.9107548966122183,0.9355544845040045,0.9140513428231474,0.9245492463060613,0.9055750179256451
