non-voter-ratio,accuracy,recall,precision,f1,roc_auc
0.42844202898550726,0.8940527950310558,0.9381731144130521,0.8894372775583832,0.9122336461134729,0.8846545228339814
