non-voter-ratio,accuracy,recall,precision,f1,roc_auc
0.30327868852459017,0.8635294117647059,0.8514285714285714,0.8830339515891221,0.8657351590118992,0.8647007722007721
