non-voter-ratio,accuracy,recall,precision,f1,roc_auc
0.22317596566523606,0.8445887445887447,0.8065162907268169,0.8410130718954247,0.8184210526315789,0.8265914786967418
