non-voter-ratio,accuracy,recall,precision,f1,roc_auc
0.3052109181141439,0.8896470588235295,0.8931908091908092,0.8804538933540748,0.8839370717519539,0.8893314960901166
