non-voter-ratio,accuracy,recall,precision,f1,roc_auc
0.13002680965147453,0.8619686800894855,0.24342690058479532,0.4457875457875458,0.3131050859471912,0.5985931975965932
