non-voter-ratio,accuracy,recall,precision,f1,roc_auc
0.30042918454935624,0.7454545454545454,0.714812834224599,0.7052380952380952,0.6990169779135297,0.7471971819030643
