non-voter-ratio,accuracy,recall,precision,f1,roc_auc
0.3832846551336778,0.9271123940745959,0.9363216298619376,0.9335421481936741,0.9348932735062361,0.9259712278083277
