non-voter-ratio,accuracy,recall,precision,f1,roc_auc
0.25675675675675674,0.8333333333333334,0.6166666666666667,0.9,0.6799999999999999,0.7983333333333333
