non-voter-ratio,accuracy,recall,precision,f1,roc_auc
0.39069767441860465,0.7257471264367815,0.9209150326797385,0.7018053830227744,0.7915084371632719,0.698715092097445
