non-voter-ratio,accuracy,recall,precision,f1,roc_auc
0.3498168498168498,0.8864790032302723,0.9238355514274673,0.8875896571255988,0.904266677614429,0.8803472442313962
