non-voter-ratio,accuracy,recall,precision,f1,roc_auc
0.3498168498168498,0.8743629185253552,0.900438240259256,0.8851580337121883,0.8923449951281137,0.8698870409080814
