non-voter-ratio,accuracy,recall,precision,f1,roc_auc
0.30327868852459017,0.8870588235294118,0.8582653061224491,0.9232892368205199,0.8879351139548337,0.8902662866948582
