non-voter-ratio,accuracy,recall,precision,f1,roc_auc
0.12884615384615383,0.85,0.13004381239675356,0.32190476190476186,0.18130718954248365,0.5427217038800256
