non-voter-ratio,accuracy,recall,precision,f1,roc_auc
0.3052109181141439,0.8814901960784314,0.875100899100899,0.8843333333333334,0.8772740398230023,0.8848115677426023
