non-voter-ratio,accuracy,recall,precision,f1,roc_auc
0.3383838383838384,0.8681720430107527,0.8260497835497835,0.8741758241758243,0.8435302861389818,0.8688969247986276
