non-voter-ratio,accuracy,recall,precision,f1,roc_auc
0.30392156862745096,0.8666967485069674,0.8666353668933493,0.8546477818477818,0.8603500120759622,0.8663106862203499
