non-voter-ratio,accuracy,recall,precision,f1,roc_auc
0.2798913043478261,0.8337198067632852,0.8540263657910717,0.7963982683982683,0.8221172239748091,0.8382036590860121
