non-voter-ratio,accuracy,recall,precision,f1,roc_auc
0.3611572996341869,0.8714339826839825,0.8828712953712954,0.8895660087054745,0.8859097334384455,0.8700643381709403
