non-voter-ratio,accuracy,recall,precision,f1,roc_auc
0.2978860392746003,0.8074906871790619,0.5977432823301587,0.710205875888818,0.6489354197229685,0.7471323587786489
