non-voter-ratio,accuracy,recall,precision,f1,roc_auc
0.3393770339377034,0.8782232462877625,0.8816735625331085,0.8850744249105057,0.8830601580167183,0.8773798395653376
