non-voter-ratio,accuracy,recall,precision,f1,roc_auc
0.3457364341085271,0.8881720430107528,0.8724374302566554,0.8965732784893307,0.8826244653691802,0.8888286052382179
