non-voter-ratio,accuracy,recall,precision,f1,roc_auc
0.32710280373831774,0.9415384615384615,0.937832631393003,0.9567119155354449,0.9467907879693576,0.9413817534845199
