non-voter-ratio,accuracy,recall,precision,f1,roc_auc
0.3611572996341869,0.8709131493506493,0.8838328338328338,0.8879686832191593,0.8855692791828433,0.8693956821143531
