non-voter-ratio,accuracy,recall,precision,f1,roc_auc
0.30392156862745096,0.8630497677504977,0.8621557885007274,0.8517137488758738,0.8565352942325717,0.8625639979681203
