non-voter-ratio,accuracy,recall,precision,f1,roc_auc
0.14477303988995874,0.8579744604337822,0.21124564209835528,0.5375941063441063,0.3004864048293331,0.5893411163498791
