accuracy,recall,precision,f1,roc_auc
0.8003186022610482,0.5477195654368238,0.6866038452245349,0.6081165096614191,0.7235743866833566
