accuracy,recall,precision,f1,roc_auc
0.794563206577595,0.5269227970084763,0.6782051282051281,0.5916610997462569,0.7131760024691828
