non-voter-ratio,accuracy,recall,precision,f1,roc_auc
0.33690366266543553,0.8909355307804168,0.9023279470186104,0.8932571632351379,0.8977509544505875,0.8901704691574945
