non-voter-ratio,accuracy,recall,precision,f1,roc_auc
0.3383838383838384,0.8746236559139785,0.8260497835497835,0.8895604395604396,0.8503678929765887,0.874779277739804
