non-voter-ratio,accuracy,recall,precision,f1,roc_auc
0.2963219986120749,0.9136807278742763,0.9264760428774377,0.9190913090564505,0.922314098698321,0.9131022971885443
