non-voter-ratio,accuracy,recall,precision,f1,roc_auc
0.08411214953271028,0.8874458874458874,0.0,0.0,0.0,0.48473684210526313
