non-voter-ratio,accuracy,recall,precision,f1,roc_auc
0.09756988854376028,0.9036484966848375,0.07299180407765418,0.5492618492618493,0.12882054832388684,0.5332230804886876
