accuracy,recall,precision,f1,roc_auc
0.8248275862068966,0.5311111111111111,0.6606016991504247,0.5866515286675857,0.7231942393131064
