accuracy,recall,precision,f1,roc_auc
0.8248275862068966,0.5196732026143791,0.6641074787281683,0.5806337306761036,0.7193101474500615
