non-voter-ratio,accuracy,recall,precision,f1,roc_auc
0.30742509769865395,0.9006119662947795,0.8793509649376959,0.9120652163467629,0.8953431224054313,0.8995343701314772
