non-voter-ratio,accuracy,recall,precision,f1,roc_auc
0.30042918454935624,0.7393939393939394,0.6281996434937611,0.7287878787878788,0.6638453500522467,0.7315150454121042
