non-voter-ratio,accuracy,recall,precision,f1,roc_auc
0.32710280373831774,0.9230769230769231,0.8971217657285768,0.9599681020733651,0.9266675678236913,0.9247209019330949
