non-voter-ratio,accuracy,recall,precision,f1,roc_auc
0.3843137254901961,0.8447415329768271,0.9322046552481333,0.8258947368421052,0.8748520494746558,0.8239121566838957
