non-voter-ratio,accuracy,recall,precision,f1,roc_auc
0.2963219986120749,0.9008188585607941,0.9139816608549657,0.9080972160733353,0.9106459331894186,0.8992350759517794
