non-voter-ratio,accuracy,recall,precision,f1,roc_auc
0.11779557722444715,0.8856867475815312,0.10892514504056747,0.5780299382658716,0.18291133048545616,0.5491586155375762
