non-voter-ratio,accuracy,recall,precision,f1,roc_auc
0.3393770339377034,0.8724910394265233,0.8888267924053166,0.8704914960815582,0.8793437196222194,0.8711046396496268
