non-voter-ratio,accuracy,recall,precision,f1,roc_auc
0.3867713004484305,0.897736131934033,0.9275281273836766,0.9060743644214411,0.9152757822213273,0.8945446410619026
