non-voter-ratio,accuracy,recall,precision,f1,roc_auc
0.3457364341085271,0.8838709677419356,0.867992985812211,0.8925732784893305,0.8784139390533909,0.8845230496826624
