non-voter-ratio,accuracy,recall,precision,f1,roc_auc
0.2798913043478261,0.8556521739130435,0.8331707508178097,0.8482812102720569,0.8389547038327526,0.8566568039803334
