non-voter-ratio,accuracy,recall,precision,f1,roc_auc
0.3328137178487919,0.8798883795096671,0.8640562500709889,0.8862176322861167,0.8740652634301697,0.8806210416094471
