accuracy,recall,precision,f1,roc_auc
0.8486815648901735,0.5851334293953852,0.7679692980600379,0.6641036069347583,0.7621923530162531
