accuracy,recall,precision,f1,roc_auc
0.8480371686647107,0.5845162305310698,0.7658612660156082,0.6629330300518849,0.7615593240322965
