non-voter-ratio,accuracy,recall,precision,f1,roc_auc
0.37902097902097903,0.8318598382749325,0.8384288171697373,0.8298326118326118,0.8336386564255417,0.8304025959107939
