non-voter-ratio,accuracy,recall,precision,f1,roc_auc
0.21875,0.818918918918919,0.7738095238095238,0.8110665804783453,0.7822824613716455,0.8218365800865801
