non-voter-ratio,accuracy,recall,precision,f1,roc_auc
0.3832846551336778,0.9272061147765905,0.9373345244817021,0.932849385678257,0.9350455377062199,0.9259283398643102
