non-voter-ratio,accuracy,recall,precision,f1,roc_auc
0.37801047120418846,0.8941176470588236,0.9042076313356165,0.8975555555555556,0.9001384989878648,0.8953716984831154
