non-voter-ratio,accuracy,recall,precision,f1,roc_auc
0.3443526170798898,0.8907218663799149,0.898278998960594,0.8870487555315141,0.8924326088092585,0.8896781645964268
