non-voter-ratio,accuracy,recall,precision,f1,roc_auc
0.13869579609400862,0.8652745139927367,0.1600410468258135,0.5476823488305328,0.24696092095203506,0.5694621504612649
