non-voter-ratio,accuracy,recall,precision,f1,roc_auc
0.27570621468926554,0.9087816944959801,0.883520802260298,0.9307527577627246,0.905880940749529,0.9092882180591287
