non-voter-ratio,accuracy,recall,precision,f1,roc_auc
0.2645547945205479,0.8615622814903606,0.8276930596285436,0.8490193887458964,0.8368463966554994,0.8575743438293
