non-voter-ratio,accuracy,recall,precision,f1,roc_auc
0.05737704918032787,0.9344262295081966,0.02857142857142857,0.05,0.03636363636363636,0.5090831873440569
