non-voter-ratio,accuracy,recall,precision,f1,roc_auc
0.25287356321839083,0.8972474194557398,0.895694840966347,0.8765431086326609,0.8855755236726468,0.8969162035519564
