non-voter-ratio,accuracy,recall,precision,f1,roc_auc
0.3832846551336778,0.9266908045201422,0.9350643031308264,0.9339334520902192,0.9344582646429036,0.9256624920390145
