non-voter-ratio,accuracy,recall,precision,f1,roc_auc
0.3832846551336778,0.9270187062878559,0.9350664489219414,0.9344787175531423,0.93473250813851,0.9260400980063377
