non-voter-ratio,accuracy,recall,precision,f1,roc_auc
0.3611572996341869,0.8631006493506493,0.8715934065934066,0.8850339884006505,0.8781243856787334,0.8619227449440773
