non-voter-ratio,accuracy,recall,precision,f1,roc_auc
0.36201117318435755,0.8735080472867113,0.8888995134055602,0.8831163244802316,0.884107301004472,0.8725940854628723
