non-voter-ratio,accuracy,recall,precision,f1,roc_auc
0.7297297297297297,0.8571428571428571,0.9666666666666666,0.8695238095238095,0.9111111111111111,0.45
