non-voter-ratio,accuracy,recall,precision,f1,roc_auc
0.4423076923076923,0.888888888888889,0.8866666666666667,0.9314285714285713,0.9042113442113443,0.885
