non-voter-ratio,accuracy,recall,precision,f1,roc_auc
0.2796992481203007,0.79656283566058,0.5257268363489496,0.6742220345050415,0.5905908030528989,0.7136643499089597
