non-voter-ratio,accuracy,recall,precision,f1,roc_auc
0.14130434782608695,0.8304347826086957,0.16996336996336997,0.4149999999999999,0.22010101010101008,0.5546303380164139
