non-voter-ratio,accuracy,recall,precision,f1,roc_auc
0.6388888888888888,0.9578947368421054,1.0,0.9578947368421054,0.978078078078078,-1.0
