non-voter-ratio,accuracy,recall,precision,f1,roc_auc
0.37902097902097903,0.8299730458221024,0.8313352829575591,0.8309051370175492,0.830784929356358,0.8288147974210082
