non-voter-ratio,accuracy,recall,precision,f1,roc_auc
0.3457364341085271,0.8967741935483872,0.8934353578829907,0.894187040349831,0.8932416329190522,0.8969466166704331
