non-voter-ratio,accuracy,recall,precision,f1,roc_auc
0.2408571747460843,0.828677007198228,0.5100668667310572,0.697934857229456,0.5893100734171579,0.7199121300533122
