non-voter-ratio,accuracy,recall,precision,f1,roc_auc
0.27570621468926554,0.8845804988662131,0.8859380115682637,0.8863615927909582,0.8839555147257994,0.8849180504948043
