non-voter-ratio,accuracy,recall,precision,f1,roc_auc
0.43859649122807015,0.9327635327635327,0.9282467532467532,0.9384615384615385,0.9311111111111112,0.937681068931069
