non-voter-ratio,accuracy,recall,precision,f1,roc_auc
0.2645547945205479,0.8601538307861352,0.8276930596285436,0.846199839873716,0.8353985202076227,0.8564249185419437
