non-voter-ratio,accuracy,recall,precision,f1,roc_auc
0.3498168498168498,0.8895246885094601,0.925653733245649,0.8904892946709057,0.9067125046901637,0.8835551857151998
