non-voter-ratio,accuracy,recall,precision,f1,roc_auc
0.252092050209205,0.8193406593406592,0.8693721671982543,0.8099833029738702,0.8346127905271112,0.8216043225928379
