non-voter-ratio,accuracy,recall,precision,f1,roc_auc
0.37902097902097903,0.8507457322551663,0.8463488336611823,0.8571501311537757,0.8510790663828047,0.8497123902420249
