non-voter-ratio,accuracy,recall,precision,f1,roc_auc
0.36201117318435755,0.8869676684233015,0.912439339359403,0.8881526920240713,0.8976888346067623,0.8837352028602593
