non-voter-ratio,accuracy,recall,precision,f1,roc_auc
0.20304114490161002,0.8219931133888532,0.3949681138338033,0.5782307983010789,0.4666953749624386,0.6614117305306213
