non-voter-ratio,accuracy,recall,precision,f1,roc_auc
0.25675675675675674,0.85,0.6416666666666667,0.9,0.7090909090909091,0.8108333333333334
