non-voter-ratio,accuracy,recall,precision,f1,roc_auc
0.25287356321839083,0.8828172244812846,0.872678519306724,0.8643419340298225,0.868313319438158,0.8817527998169021
