accuracy,recall,precision,f1,roc_auc
0.7569630642954857,0.6892585321655089,0.7031446351802303,0.6942463412974214,0.7465784968500943
