accuracy,recall,precision,f1,roc_auc
0.7593160054719562,0.6892585321655089,0.7080707435546145,0.696432133647148,0.7484652893029244
