non-voter-ratio,accuracy,recall,precision,f1,roc_auc
0.3498168498168498,0.8743629185253552,0.8967332659882439,0.887622397227107,0.8918897850435081,0.8702709355816708
