non-voter-ratio,accuracy,recall,precision,f1,roc_auc
0.3328137178487919,0.8706398245963725,0.858194398122382,0.875156496912826,0.8656645027418566,0.8721300859616387
