non-voter-ratio,accuracy,recall,precision,f1,roc_auc
0.23140495867768596,0.7894557823129251,0.4499999999999999,0.5522727272727272,0.4803623188405798,0.6715295969939933
