non-voter-ratio,accuracy,recall,precision,f1,roc_auc
0.4125,0.7866666666666667,0.9714285714285715,0.7936507936507937,0.8625210084033614,0.41071428571428575
