non-voter-ratio,accuracy,recall,precision,f1,roc_auc
0.40298507462686567,0.9400000000000001,0.9666666666666668,0.9380952380952381,0.9482517482517483,0.9383333333333335
