non-voter-ratio,accuracy,recall,precision,f1,roc_auc
0.33690366266543553,0.8932622394571013,0.9036472882800359,0.8961423239743038,0.8998558002517788,0.8925852683669533
