non-voter-ratio,accuracy,recall,precision,f1,roc_auc
0.37801047120418846,0.8941176470588236,0.9017384955331474,0.8998914570147447,0.8998554639613964,0.8957854822302325
