non-voter-ratio,accuracy,recall,precision,f1,roc_auc
0.2988372093023256,0.8636506687647522,0.7926456650456792,0.8732582804792107,0.8292132687011169,0.8548136358261429
