non-voter-ratio,accuracy,recall,precision,f1,roc_auc
0.20716443677168753,0.7924210545914947,0.21667441626985967,0.5012954413618866,0.29890890921266877,0.5803752960380069
