non-voter-ratio,accuracy,recall,precision,f1,roc_auc
0.30742509769865395,0.8889610695287861,0.8798324792651055,0.8899530128415089,0.8847464757929483,0.8885738016613655
