non-voter-ratio,accuracy,recall,precision,f1,roc_auc
0.41338813857897827,0.884706827309237,0.9110128124234134,0.8899315579111844,0.899830181094212,0.8804441568774614
