non-voter-ratio,accuracy,recall,precision,f1,roc_auc
0.41338813857897827,0.8943036144578314,0.9181263435064102,0.8990804938863516,0.9080642973806199,0.8902181755737771
