non-voter-ratio,accuracy,recall,precision,f1,roc_auc
0.19887165021156558,0.7969034062531215,0.30991680733060045,0.497,0.3756593546509513,0.6146401410866543
