non-voter-ratio,accuracy,recall,precision,f1,roc_auc
0.2900919305413687,0.8792616286818605,0.8676363830468666,0.8759299229439872,0.8686030986557303,0.8794430395822601
