non-voter-ratio,accuracy,recall,precision,f1,roc_auc
0.2811791383219955,0.9083333333333332,0.863808873790725,0.9541666666666668,0.9051503148027578,0.9098856438311975
