non-voter-ratio,accuracy,recall,precision,f1,roc_auc
0.27570621468926554,0.8866007008864152,0.890382456012708,0.8865938808281241,0.8864682118656015,0.8871402727170266
