accuracy,recall,precision,f1,roc_auc
0.8364046391752578,0.1456818181818182,0.34025974025974026,0.18845096932053457,0.5399272612889805
