non-voter-ratio,accuracy,recall,precision,f1,roc_auc
0.2655440414507772,0.9198910766652701,0.9362939379199542,0.9146571351115333,0.9252268394858293,0.9183860843110327
