non-voter-ratio,accuracy,recall,precision,f1,roc_auc
0.42844202898550726,0.8690916149068322,0.9033539408974145,0.8793941348777695,0.8900211322461121,0.863398287474363
