non-voter-ratio,accuracy,recall,precision,f1,roc_auc
0.7297297297297297,0.8285714285714285,1.0,0.8285714285714285,0.8967365967365968,-0.2
