non-voter-ratio,accuracy,recall,precision,f1,roc_auc
0.3867713004484305,0.8994752623688157,0.9275281273836766,0.9086002443386253,0.9166448765990627,0.896505425375628
