non-voter-ratio,accuracy,recall,precision,f1,roc_auc
0.30042918454935624,0.7454545454545454,0.6415329768270945,0.7354545454545454,0.6758453500522466,0.7381817120787708
