non-voter-ratio,accuracy,recall,precision,f1,roc_auc
0.41338813857897827,0.8847100401606426,0.9108663151859014,0.8898015086040836,0.8997697996631674,0.8803709082587053
