non-voter-ratio,accuracy,recall,precision,f1,roc_auc
0.3443526170798898,0.9016410304362056,0.9079844441649699,0.8986622020634428,0.9032082324201373,0.9012874975467746
