non-voter-ratio,accuracy,recall,precision,f1,roc_auc
0.43859649122807015,0.9404558404558404,0.9450324675324676,0.9395604395604396,0.9408011343495215,0.9460739260739259
