non-voter-ratio,accuracy,recall,precision,f1,roc_auc
0.2983521248915872,0.89157768891454,0.9121216832190058,0.8900516353678064,0.9008017291649313,0.8898455577123545
