non-voter-ratio,accuracy,recall,precision,f1,roc_auc
0.3412698412698413,0.8579545454545455,0.8455258467023172,0.8969715956558062,0.8637381404174572,0.8672073677956031
