non-voter-ratio,accuracy,recall,precision,f1,roc_auc
0.25675675675675674,0.9666666666666666,0.975,0.9333333333333332,0.9466666666666667,0.9775
