non-voter-ratio,accuracy,recall,precision,f1,roc_auc
0.4423076923076923,0.8266666666666665,0.9199999999999999,0.7314285714285714,0.7900699300699301,0.8294444444444444
