non-voter-ratio,accuracy,recall,precision,f1,roc_auc
0.2983521248915872,0.8931401245001442,0.9003670175793836,0.9018116856084413,0.9007832919194744,0.8930932603966376
