non-voter-ratio,accuracy,recall,precision,f1,roc_auc
0.25287356321839083,0.8914711708893754,0.8890317159462239,0.8697399366802351,0.8787606193458573,0.8911000731406606
