non-voter-ratio,accuracy,recall,precision,f1,roc_auc
0.22317596566523606,0.8445887445887447,0.8663157894736842,0.8523931623931624,0.8440291906236178,0.858157894736842
