non-voter-ratio,accuracy,recall,precision,f1,roc_auc
0.42844202898550726,0.8928105590062112,0.9359753122152499,0.8890778885197488,0.9110837445284734,0.8835556217350803
