accuracy,recall,precision,f1,roc_auc
0.7863636363636364,0.45195360195360196,0.5452380952380953,0.47257085020242917,0.6671860891820569
