non-voter-ratio,accuracy,recall,precision,f1,roc_auc
0.3076923076923077,0.74,0.5,0.5,0.4666666666666666,0.675
