non-voter-ratio,accuracy,recall,precision,f1,roc_auc
0.30742509769865395,0.8985571717742316,0.8762975298231922,0.9103275138705014,0.8928899898837794,0.8973707098990659
