non-voter-ratio,accuracy,recall,precision,f1,roc_auc
0.2514177693761815,0.9029411764705884,0.7972044720242064,0.9243932538050185,0.8548599923116008,0.8834730627211652
