non-voter-ratio,accuracy,recall,precision,f1,roc_auc
0.2655440414507772,0.9186091328026812,0.936263826507729,0.9123374226573807,0.9240595914726457,0.9170196772535688
