non-voter-ratio,accuracy,recall,precision,f1,roc_auc
0.36201117318435755,0.885286996154394,0.915516262436326,0.8815629989798583,0.8963064091972383,0.881825388536652
