non-voter-ratio,accuracy,recall,precision,f1,roc_auc
0.4263322884012539,0.9016423357664234,0.9433935242093356,0.8985029531202752,0.9201479600064506,0.8905256171576609
