non-voter-ratio,accuracy,recall,precision,f1,roc_auc
0.2614826860021859,0.8164369300711245,0.520595892827641,0.7002556241788251,0.5971621873540033,0.7208623602170082
