non-voter-ratio,accuracy,recall,precision,f1,roc_auc
0.3443526170798898,0.900275842722895,0.9053781399551116,0.8982917612769233,0.9017468200367562,0.8999557957654083
