non-voter-ratio,accuracy,recall,precision,f1,roc_auc
0.40298507462686567,0.9200000000000002,0.9666666666666668,0.9166666666666666,0.935064935064935,0.9133333333333334
