non-voter-ratio,accuracy,recall,precision,f1,roc_auc
0.46225614927905007,0.8672239422084622,0.907066217801632,0.8864409397699273,0.8964195864693165,0.8496467648039893
