non-voter-ratio,accuracy,recall,precision,f1,roc_auc
0.43859649122807015,0.933048433048433,0.9307467532467533,0.9384615384615385,0.9328646264130136,0.938931068931069
