non-voter-ratio,accuracy,recall,precision,f1,roc_auc
0.22317596566523606,0.8264069264069265,0.8177443609022557,0.8457264957264957,0.8176274018379281,0.8338721804511279
