non-voter-ratio,accuracy,recall,precision,f1,roc_auc
0.4263322884012539,0.8898883641047659,0.9141767723601196,0.9054998598247543,0.9089188054907508,0.8834003896299943
