accuracy,recall,precision,f1,roc_auc
0.8780492170022371,0.3091754385964912,0.5468686868686868,0.39288689611270255,0.6361456378935157
