accuracy,recall,precision,f1,roc_auc
0.880724832214765,0.3011754385964912,0.5705050505050504,0.39262515262515263,0.6344243241195704
