non-voter-ratio,accuracy,recall,precision,f1,roc_auc
0.48717948717948717,0.8,1.0,0.7833333333333334,0.8532467532467531,0.16666666666666669
