non-voter-ratio,accuracy,recall,precision,f1,roc_auc
0.2629674306393245,0.8444577161968466,0.8736303858866789,0.8133449714536672,0.8410548985609296,0.8475106850500241
