non-voter-ratio,accuracy,recall,precision,f1,roc_auc
0.4263322884012539,0.8987226277372262,0.9364517654313002,0.9000300053988399,0.9176841789674262,0.8886511617788602
