non-voter-ratio,accuracy,recall,precision,f1,roc_auc
0.21875,0.8187687687687687,0.7357142857142857,0.8266666666666668,0.770475810912898,0.813038961038961
