accuracy,recall,precision,f1,roc_auc
0.857844545957918,0.5902974140840849,0.7661200618794732,0.6667050852190337,0.766497464955573
