accuracy,recall,precision,f1,roc_auc
0.8574725290697675,0.5887577990088648,0.7656928979271854,0.6655579085581008,0.7657272141667288
