non-voter-ratio,accuracy,recall,precision,f1,roc_auc
0.48773006134969327,0.9081632653061226,0.9291346310216472,0.9300390917833183,0.9285877373352687,0.9024360138586489
