non-voter-ratio,accuracy,recall,precision,f1,roc_auc
0.36762795531306836,0.754739668653843,0.6091569003529436,0.6888714800656407,0.6457608555478704,0.7245256721432978
