non-voter-ratio,accuracy,recall,precision,f1,roc_auc
0.2845303867403315,0.8009661835748793,0.717326294986478,0.8288197569021367,0.7625270813059897,0.7866556197885599
