non-voter-ratio,accuracy,recall,precision,f1,roc_auc
0.4263322884012539,0.8884177758694719,0.9141767723601196,0.9029052652301598,0.9077122700906669,0.88161467534428
