non-voter-ratio,accuracy,recall,precision,f1,roc_auc
0.30392156862745096,0.882733908427339,0.8693344551292667,0.8820409313634399,0.8752562940778782,0.8816437208109986
