non-voter-ratio,accuracy,recall,precision,f1,roc_auc
0.25773195876288657,0.7835357624831311,0.44059829059829064,0.6342857142857143,0.5039933166248955,0.6759649848359526
