accuracy,recall,precision,f1,roc_auc
0.8430369357045144,0.12793650793650793,0.22575757575757574,0.15790476190476188,0.5395802005012532
