non-voter-ratio,accuracy,recall,precision,f1,roc_auc
0.252092050209205,0.8127472527472527,0.8642479435957696,0.8018752894208292,0.8283892172559998,0.8145977663471511
