non-voter-ratio,accuracy,recall,precision,f1,roc_auc
0.3867713004484305,0.8994602698650676,0.9378866323417239,0.8995489482859329,0.917242500423146,0.8928962770606189
