non-voter-ratio,accuracy,recall,precision,f1,roc_auc
0.33689483858897873,0.8965144820814924,0.9040495434905006,0.9011573891912471,0.9025938695613581,0.8960214415972075
