non-voter-ratio,accuracy,recall,precision,f1,roc_auc
0.4125,0.7644444444444444,0.9714285714285715,0.7722222222222221,0.8510924369747899,0.3607142857142857
