non-voter-ratio,accuracy,recall,precision,f1,roc_auc
0.21395348837209302,0.8093023255813954,0.37002676558642156,0.5868953169759621,0.45279382956032405,0.6499007469131193
