non-voter-ratio,accuracy,recall,precision,f1,roc_auc
0.2845303867403315,0.7834782608695651,0.7556168088204702,0.7672791641909289,0.7576530372543662,0.7788704607946302
