non-voter-ratio,accuracy,recall,precision,f1,roc_auc
0.2645547945205479,0.8898211966836479,0.864516129032258,0.8808104089572517,0.8720184187076997,0.887103913848982
