non-voter-ratio,accuracy,recall,precision,f1,roc_auc
0.3393770339377034,0.8746364567332309,0.8874379035164276,0.8751462137684705,0.8810395568327131,0.8733777831727704
