non-voter-ratio,accuracy,recall,precision,f1,roc_auc
0.37801047120418846,0.8985294117647058,0.9018526942388954,0.9076149068322982,0.9038595724349655,0.9001427974962256
