non-voter-ratio,accuracy,recall,precision,f1,roc_auc
0.30327868852459017,0.8894117647058823,0.8623469387755103,0.9235107207629343,0.8903718076958752,0.8923071030213887
