non-voter-ratio,accuracy,recall,precision,f1,roc_auc
0.3843137254901961,0.8506238859180035,0.9412955643390426,0.8272280701754384,0.8796624102517139,0.8284576112293504
