non-voter-ratio,accuracy,recall,precision,f1,roc_auc
0.48717948717948717,0.9666666666666668,0.9333333333333332,1.0,0.96,0.9666666666666666
