accuracy,recall,precision,f1,roc_auc
0.9079339053105825,0.05999477630412241,0.5112703388565458,0.1062543131390848,0.527024022792318
