non-voter-ratio,accuracy,recall,precision,f1,roc_auc
0.2629674306393245,0.8248924988055422,0.8472672651528488,0.7943352366224549,0.8194573141512672,0.8259426023437266
