non-voter-ratio,accuracy,recall,precision,f1,roc_auc
0.40702781844802344,0.8981099656357389,0.9219766081871346,0.9049339257233994,0.9121089227265579,0.8962979807075916
