non-voter-ratio,accuracy,recall,precision,f1,roc_auc
0.2963219986120749,0.9136724565756824,0.9242288518662019,0.9211971455467985,0.9223291615622424,0.9131628255300939
