non-voter-ratio,accuracy,recall,precision,f1,roc_auc
0.2645547945205479,0.8869943062631107,0.8614858260019551,0.8774517049100397,0.8688131485739141,0.8844393370464741
