non-voter-ratio,accuracy,recall,precision,f1,roc_auc
0.3920491983307709,0.9071574510873635,0.9264757993361588,0.9158373964683394,0.920969441063072,0.9029830232481224
