non-voter-ratio,accuracy,recall,precision,f1,roc_auc
0.39069767441860465,0.7326436781609196,0.9209150326797385,0.709173804075406,0.7954913674619917,0.707806001188354
