non-voter-ratio,accuracy,recall,precision,f1,roc_auc
0.3843137254901961,0.8144385026737968,0.8332981993851559,0.8403070175438596,0.8348092767447606,0.8132623475558258
