non-voter-ratio,accuracy,recall,precision,f1,roc_auc
0.24314989638498732,0.8195935216267086,0.4821629664352714,0.6832569999357977,0.564991017647204,0.705108425381306
