non-voter-ratio,accuracy,recall,precision,f1,roc_auc
0.25675675675675674,0.85,0.6833333333333333,0.9,0.74,0.8316666666666667
