non-voter-ratio,accuracy,recall,precision,f1,roc_auc
0.3383838383838384,0.8292473118279571,0.6386471861471861,0.9777777777777779,0.7680732265446225,0.8140604351788563
