non-voter-ratio,accuracy,recall,precision,f1,roc_auc
0.25575900767867693,0.8197385650127236,0.5098757963508121,0.7037210736559504,0.5911961269476672,0.7180701142771998
