non-voter-ratio,accuracy,recall,precision,f1,roc_auc
0.252092050209205,0.794993894993895,0.8266912875608528,0.7900240610232381,0.8050433183648043,0.7952024871467038
