non-voter-ratio,accuracy,recall,precision,f1,roc_auc
0.36201117318435755,0.8751887195556188,0.8888995134055602,0.8857164949832154,0.8854362770393305,0.8745171623859493
