non-voter-ratio,accuracy,recall,precision,f1,roc_auc
0.3443526170798898,0.8886717471597549,0.8955203782709388,0.8854943140940927,0.8902783842632365,0.8875946288994866
