non-voter-ratio,accuracy,recall,precision,f1,roc_auc
0.48773006134969327,0.9244897959183673,0.9603485372772941,0.9268705496817347,0.9428313348171315,0.911306724102222
