non-voter-ratio,accuracy,recall,precision,f1,roc_auc
0.3328137178487919,0.8787256660686997,0.8625655668411752,0.8868576528335564,0.8732661677216964,0.8795253257311225
