non-voter-ratio,accuracy,recall,precision,f1,roc_auc
0.40420560747663553,0.7358413132694939,0.6577004681365146,0.674477014886222,0.6614713198940807,0.7228676786941989
