non-voter-ratio,accuracy,recall,precision,f1,roc_auc
0.3498168498168498,0.888514587499359,0.923766940792819,0.8902604617189604,0.9057170295770416,0.8826117894887847
