non-voter-ratio,accuracy,recall,precision,f1,roc_auc
0.48717948717948717,0.7333333333333334,1.0,0.7333333333333334,0.8151515151515152,-0.2
