non-voter-ratio,accuracy,recall,precision,f1,roc_auc
0.3867713004484305,0.8959820089955024,0.9352550533943553,0.8970173027163126,0.9146618552618555,0.8890163850228321
