non-voter-ratio,accuracy,recall,precision,f1,roc_auc
0.4125,0.8755555555555556,0.9714285714285715,0.8777777777777779,0.9146688605512135,0.8357142857142857
