accuracy,recall,precision,f1,roc_auc
0.8412917925078155,0.6575916779559444,0.7749745275570239,0.7113819161035778,0.7883793962221805
