accuracy,recall,precision,f1,roc_auc
0.8415062695960873,0.6603457886651961,0.7736979566419017,0.7124332614824447,0.7893140910932284
