non-voter-ratio,accuracy,recall,precision,f1,roc_auc
0.33689483858897873,0.8953362788414335,0.9050942629986158,0.8983458345587438,0.9017026856894297,0.8946919661982256
