non-voter-ratio,accuracy,recall,precision,f1,roc_auc
0.33689483858897873,0.8953035509736541,0.9050322282591617,0.8983394397463951,0.9016688675359757,0.8946609488284984
