non-voter-ratio,accuracy,recall,precision,f1,roc_auc
0.33689483858897873,0.8952708231058747,0.9050322282591617,0.8982849696068234,0.9016414130719148,0.8946255881495734
