non-voter-ratio,accuracy,recall,precision,f1,roc_auc
0.42844202898550726,0.8665993788819876,0.8991998298341342,0.8789001574420444,0.8877815085336804,0.8613212319427228
