non-voter-ratio,accuracy,recall,precision,f1,roc_auc
0.11161956034096007,0.891161956034096,0.09510555776034055,0.5815206740738657,0.16270463691516324,0.5431623756832368
