non-voter-ratio,accuracy,recall,precision,f1,roc_auc
0.252092050209205,0.7927960927960928,0.8266912875608528,0.7871717420510523,0.8035554405326089,0.7923453442895608
