non-voter-ratio,accuracy,recall,precision,f1,roc_auc
0.3611572996341869,0.8672700216450216,0.8808291708291709,0.8845200523144362,0.882402363357657,0.8653578580568515
