non-voter-ratio,accuracy,recall,precision,f1,roc_auc
0.3412698412698413,0.8892045454545455,0.8947593582887701,0.8942670401493931,0.892312108775857,0.8907130124777185
