non-voter-ratio,accuracy,recall,precision,f1,roc_auc
0.2514177693761815,0.9,0.7972044720242064,0.9183326477444125,0.852209888791932,0.8802472562695522
