non-voter-ratio,accuracy,recall,precision,f1,roc_auc
0.30392156862745096,0.882009289980093,0.8708496066444182,0.8796310998222779,0.8747720438447208,0.8810584994079782
