non-voter-ratio,accuracy,recall,precision,f1,roc_auc
0.4263322884012539,0.8913589523400601,0.9141466609478945,0.9076515353097632,0.9100944034479304,0.8852371857757335
