non-voter-ratio,accuracy,recall,precision,f1,roc_auc
0.46225614927905007,0.8836463708290333,0.94313879716791,0.8836476219941904,0.9121921194639822,0.8581674744978471
