non-voter-ratio,accuracy,recall,precision,f1,roc_auc
0.2983521248915872,0.8889612620411977,0.9102873038313524,0.8873036589127394,0.8985203797582081,0.8871675472705721
