non-voter-ratio,accuracy,recall,precision,f1,roc_auc
0.30742509769865395,0.8978698865508636,0.8749903402807085,0.9101968063068904,0.892165227157291,0.896717115127824
