non-voter-ratio,accuracy,recall,precision,f1,roc_auc
0.3393770339377034,0.8739247311827956,0.8802347136122451,0.8791963035574828,0.8793363274337684,0.8727702312147223
