non-voter-ratio,accuracy,recall,precision,f1,roc_auc
0.3457364341085271,0.886021505376344,0.8739231627610394,0.8884653024502649,0.8804455815902086,0.8846493103182486
