non-voter-ratio,accuracy,recall,precision,f1,roc_auc
0.3920491983307709,0.9048698693880171,0.9243439951910034,0.9141629039110647,0.9190749539757747,0.9007576769719968
