non-voter-ratio,accuracy,recall,precision,f1,roc_auc
0.2811791383219955,0.8833333333333334,0.8868400482619687,0.8873146113146113,0.8863462663462662,0.8813131739333901
