non-voter-ratio,accuracy,recall,precision,f1,roc_auc
0.43859649122807015,0.9407407407407407,0.9432467532467532,0.9384615384615385,0.9393162393162393,0.945181068931069
