non-voter-ratio,accuracy,recall,precision,f1,roc_auc
0.30327868852459017,0.8611764705882352,0.8514285714285714,0.8787915273466981,0.8638134019768959,0.8619229944229942
