non-voter-ratio,accuracy,recall,precision,f1,roc_auc
0.28304597701149425,0.7586022610483042,0.47003659247233304,0.5836463306808135,0.5175788338106955,0.6706698502939373
