non-voter-ratio,accuracy,recall,precision,f1,roc_auc
0.2983521248915872,0.8863297192562971,0.893706315758202,0.8957024551773252,0.8945113779318536,0.8861708976741784
