non-voter-ratio,accuracy,recall,precision,f1,roc_auc
0.11234026320808697,0.8887990379787365,0.11705091775648216,0.5109368728334246,0.18943083911967964,0.5518577190250636
