non-voter-ratio,accuracy,recall,precision,f1,roc_auc
0.3328137178487919,0.8798817354328616,0.8713590480153564,0.880800414144632,0.87544871108677,0.8807377791568985
