non-voter-ratio,accuracy,recall,precision,f1,roc_auc
0.46225614927905007,0.8695631234950121,0.9089353766801368,0.8884721275951476,0.8983697089704783,0.851689550011313
