non-voter-ratio,accuracy,recall,precision,f1,roc_auc
0.4941324392288349,0.9655181996483521,0.9699151838244694,0.9702894256474897,0.9700730441827867,0.9646244902922678
