non-voter-ratio,accuracy,recall,precision,f1,roc_auc
0.40702781844802344,0.9043599656357388,0.9139766081871343,0.9206417112299465,0.9158668337527531,0.9049353433449543
