non-voter-ratio,accuracy,recall,precision,f1,roc_auc
0.41338813857897827,0.894306827309237,0.9194335330488939,0.8981132848667501,0.9081978826015952,0.8899458444190931
