non-voter-ratio,accuracy,recall,precision,f1,roc_auc
0.2514177693761815,0.8941176470588236,0.8433744587634531,0.8648732943469785,0.85122579874304,0.8830665949902192
