non-voter-ratio,accuracy,recall,precision,f1,roc_auc
0.33689483858897873,0.8961217476681395,0.9037398098507954,0.9007532146397693,0.9022339433296878,0.8956198698318689
