non-voter-ratio,accuracy,recall,precision,f1,roc_auc
0.6388888888888888,0.9894736842105264,1.0,0.9888888888888889,0.9942857142857143,0.15
