non-voter-ratio,accuracy,recall,precision,f1,roc_auc
0.3412698412698413,0.8892045454545455,0.9038502673796792,0.8863995453253765,0.8929322638146168,0.885258467023173
