non-voter-ratio,accuracy,recall,precision,f1,roc_auc
0.2629674306393245,0.8466555183946488,0.8736303858866789,0.8167793148880106,0.843053135410768,0.8493974775028544
