non-voter-ratio,accuracy,recall,precision,f1,roc_auc
0.3920491983307709,0.9094482419263394,0.9327893289090312,0.9142669703658213,0.9233196426135748,0.9046180940651064
