non-voter-ratio,accuracy,recall,precision,f1,roc_auc
0.4263322884012539,0.9001824817518248,0.9385305710705205,0.9000750919131919,0.9186465142498248,0.8898182785192876
