non-voter-ratio,accuracy,recall,precision,f1,roc_auc
0.25287356321839083,0.8799186737566469,0.8659515549200648,0.8634525117347449,0.864480731049157,0.8784239496582046
