non-voter-ratio,accuracy,recall,precision,f1,roc_auc
0.06741573033707865,0.9241701960011819,0.0988095238095238,0.19666666666666666,0.12803030303030302,0.5418725203267188
