non-voter-ratio,accuracy,recall,precision,f1,roc_auc
0.2655440414507772,0.9018098031001257,0.9149175726411499,0.9014312055434439,0.907785568215016,0.9012761668916868
